Carter,Barr
Ann,Clarke
Keiko,Underwood
Adrian,Valentine
Lana,Vincent
Benjamin,Larson
India,Harding
Malcolm,Golden
Veronica,Bryan
Marah,Hurst
Rashad,Sanchez
Walker,Wilkinson
Lavinia,Puckett
Sylvia,Frazier
Hayley,Cantu
Beverly,Watts
Karyn,Carr
Rigel,William
Ferdinand,Raymond
Arsenio,Shaw
Gavin,Sandoval
Ira,Sims
Galena,Kaufman
Anika,Mack
Desiree,Williamson
Thomas,Ward
Xavier,Hess
Hammett,Garner
Michael,Obrien
Barclay,Fleming
Myles,Aguilar
Keith,Stevenson
Mohammad,Mcgee
Brenda,Dudley
Beau,Stark
Kylie,Padilla
Fitzgerald,Owens
Garrett,Gilbert
Noelle,Kerr
Cynthia,Lamb
Marcia,Evans
Fuller,Cervantes
Mira,Dyer
David,Lawson
Lyle,Morris
Mary,Chapman
Madeline,Rutledge
Tanek,Suarez
Byron,Bishop
Ira,Irwin
Chastity,Chen
Malachi,Roberts
Todd,Gillespie
Micah,Mathews
Aretha,Moore
Cairo,Mueller
Raja,Franklin
Gloria,Bishop
Elmo,Weiss
Germane,Simon
Amy,Burris
Baxter,Joyner
Kasimir,Carver
Colt,Mcfadden
Omar,Cardenas
Branden,Mcleod
Gemma,Benton
Curran,Fry
Dara,Marquez
Wallace,Dillard
Halla,Delaney
Aurora,Lamb
Graiden,Combs
Lane,Guzman
Deirdre,Juarez
Emma,Barrera
Demetria,Gilbert
Dora,Cote
Dai,Lang
Zachary,Moss
Brendan,Solomon
Alec,Greene
Isabelle,Chavez
Sierra,Kirby
Erin,Rasmussen
Bert,Hopkins
Nita,Miller
Hanna,Becker
Doris,Washington
Kaitlin,Bolton
Ashton,Whitley
Deanna,Pruitt
Cade,Curtis
Juliet,Parrish
Clarke,Hernandez
Destiny,Hernandez
Kamal,Oneal
Maxwell,Kemp
Brynne,Mason
Ignatius,Roberts